,text,target
0,"A 4 . 6 magnitude  # earthquake occured at 149 km NNW of Tobelo, Indonesia .  See the full report at : â€¦ ",1
1,"A 2 . 7 magnitude  # earthquake occured at 18 km E of Naalehu, Hawaii .  See the full report at :   ",1
2,@ Naija_PR  @ Abusengz shock me with size 42 .,0
3,"é›€é¨’ç„¶ã®å¤•ãã‚Œå‡ºã¦æ—…ã¸
a sparrow makes a commotion at dusk and goes on a journey  /  shinko tokizane  # senryu",0
4,@ gbonjboy2 ðŸ˜‚ðŸ˜‚e shock you,0
5,@ aweedramortwo This train has been delayed by passengers causing a disturbance on this train .  We ' ll get the train mâ€¦,0
6,"A 2 . 2 magnitude  # earthquake occured at 2 km WSW of Indios, Puerto Rico .  See the full report at : â€¦ ",1
7,"SW Scotland, Lothian and Borders  -  YELLOW Weather Alert, Wintry showers bringing further disruption from ice and snow .    # TSWeatherAlert",0
8,"Strathclyde  -  YELLOW Weather Alert, Wintry showers bringing further disruption from ice and snow .    # TSWeatherAlert",0
9,The quake occurred around 13 : 06 p . m .  local time  ( 0606 GMT )  .  The quake was revised down from an initial magnitude ofâ€¦,1
10,Disappear .  Improve .  Return .  Shock everyone .,0
11," @ Usingtechbetter Per your email - is ChatGTP freaking you out too ? 
No .  No it is not .  I spent several lessons last yeaâ€¦ ",0
12,"A 5 . 5 magnitude  # earthquake occured at 143 km NW of Tobelo, Indonesia .  See the full report at : â€¦ ",1
13,5 . 37 earthquake occurred near Northern Molucca Sea at 08 : 01 UTC !   # earthquake  # NorthernMoluccaSea,1
14,Iâ€™m in shock still learning that Jay Briscoe has passed away .  Undoubtly he was part of one of the greatest tag teamâ€¦,0
15,@ SteveBarclay  @ HolocaustUK Shame Braverman does not  show the same kind of respect .  do not talk about disruption to pâ€¦,0
16,"Ken Bruce  .  .  .  is leaving Radio 2

 : shock :   : horror :   ðŸ˜±ðŸ˜±ðŸ˜±
 # KenBruce ",0
17,"Central, Tayside and Fife  -  YELLOW Weather Alert, Further wintry showers bringing disruption from ice and snow .    # TSWeatherAlert",0
18,"Highland and Western Isles  -  YELLOW Weather Alert, Further wintry showers bringing disruption from ice and snow .    # TSWeatherAlert",0
19,shock e blm selese anjir,0
20,"Fugitive ' s arrest like a  ' quake, '  but Mafia very resilient ",0
21,"Humza Yousaf has said his Government â€œis investigating furtherâ€, after a shock report showed Scots are three timesâ€¦ ",0
22,4 . 4 earthquake occurred 59km al O de Tongoy at 07 : 29 UTC !   # earthquake,1
23,"Humza Yousaf has said his Government â€œis investigating furtherâ€, after a shock report showed Scots are three timesâ€¦ ",0
24,"A 2 . 7 magnitude  # earthquake occured at 24km NNW of Tehachapi, CA .  See the full report at :   ",1
25,We are currently investigating reports of an interruption to water supplies for customers in  # Hamilton  # ML3 .  A furtâ€¦,0
26,"A 4 . 8 magnitude  # earthquake occured at 159 km NW of Tobelo, Indonesia .  See the full report at : â€¦ ",1
27,"A 2 . 0 magnitude  # earthquake occured at 11km NNW of Cholame, CA .  See the full report at :   ",1
28,4 . 0 earthquake occurred near Molucca Sea at 07 : 18 UTC !   # earthquake  # MoluccaSea,1
29,4 . 5 earthquake occurred near Molucca Sea at 07 : 20 UTC !   # earthquake  # MoluccaSea,1
30," @ ShonMalore  @ MzukisiMtshelu  @ FatmiAmjad_  @ OTerrifying Unlike you, I am a farmer and I know that this has nothing toâ€¦ ",0
31,"A 2 . 1 magnitude  # earthquake occured at 67 km N of Petersville, Alaska .  See the full report at : â€¦ ",1
32,@ ShonMalore  @ MzukisiMtshelu  @ FatmiAmjad_  @ OTerrifying Watch the video again and tell me with a straight face that that is an earthquake .,0
33,@ ShonMalore  @ MzukisiMtshelu  @ FatmiAmjad_  @ OTerrifying It will not happen the same way in the video .  The person stanâ€¦,0
34,"A 2 . 2 magnitude  # earthquake occured at 10km SSW of Manton, CA .  See the full report at :   ",1
35,"Elden Ring is sooooo hard !   ( Yeah, I know, Souls Games are hard, what a shock !  ) 

And just like BloodBourne, im justâ€¦ ",0
36,Weather warnings for snow remains in place for many areas of northern Scotland with severe conditions causing majorâ€¦,0
37,4 . 8 earthquake occurred near Molucca Sea at 07 : 00 UTC !   # earthquake  # MoluccaSea,1
38,"4 . 3 earthquake occurred 66km al SUR de  TECPAN, GRO at 06 : 34 UTC !   # earthquake ",1
39,4 . 3 earthquake occurred near Molucca Sea at 06 : 52 UTC !   # earthquake  # MoluccaSea,1
40,A 2 . 7 magnitude  # earthquake occured at Puerto Rico .  See the full report at :,1
41,4 . 0 earthquake occurred near Molucca Sea at 06 : 42 UTC !   # earthquake  # MoluccaSea,1
42,Earthquake,1
43,4 . 4 earthquake occurred near Molucca Sea at 06 : 33 UTC !   # earthquake  # MoluccaSea,1
44,4 . 2 earthquake occurred near Molucca Sea at 06 : 34 UTC !   # earthquake  # MoluccaSea,1
45,4 . 4 earthquake occurred near Molucca Sea at 06 : 28 UTC !   # earthquake  # MoluccaSea,1
46,"A 2 . 6 magnitude  # earthquake occured at 39 km SSE of Cantwell, Alaska .  See the full report at : â€¦ ",1
47,"M7  # EARTHQUAKE !  154 KM NW OF TOBELO, INDONESIA  
DEPTH :  47 . 994 KM AT 2023 - 0 - 3 1 : 6 : 13 . 707 UTC VIA  @ EQTW ",1
48,"A 7 . 0 magnitude  # earthquake occured at 154 km NW of Tobelo, Indonesia .  See the full report at : â€¦ ",1
49,4 . 8 earthquake occurred near Molucca Sea at 06 : 21 UTC !   # earthquake  # MoluccaSea,1
50,My people are going to APC and PDP rallies to collect money while the both parties re busy shouting crowdðŸ˜­ deep dowâ€¦,0
51,"A 3 . 3 magnitude  # earthquake occured at 2 km SW of Fern Forest, Hawaii .  See the full report at : â€¦ ",1
52,4 . 49 earthquake close to New Zealand at 06 : 14 UTC !   # earthquake  # NewZealand,1
53,@ overwatchleague The SF shock c9 that sparked a lower bracket run where they 4 - 0 every team including the titans inâ€¦,0
54,"M7 . 2  # EARTHQUAKE !  150 KM NW OF TOBELO, INDONESIA  
DEPTH :  60 KM AT 2023 - 0 - 3 1 : 6 : 14 . 0 UTC VIA  @ EQTW ",1
55,"A 7 . 2 magnitude  # earthquake occured at 150 km NW of Tobelo, Indonesia .  See the full report at : â€¦ ",1
56," @ MsRonnyB  @ hcl2010  @ wattleiwear  @ BreakfastNews  @ AustralianLabor  @ SkyNewsAust I do not know about Zionist, although nâ€¦ ",0
57,"M7 . 2  # EARTHQUAKE !  MOLUCCA SEA  
DEPTH :  60 . 4 KM AT 2023 - 0 - 3 1 : 6 : 15 . 0 UTC VIA  @ EQTW ",1
58,A 7 . 2 magnitude  # earthquake occured at Molucca Sea .  See the full report at :,1
59,7 . 19 earthquake occurred near Northern Molucca Sea at 06 : 06 UTC !   # earthquake  # NorthernMoluccaSea,1
60,@ JonahTillman6 Not a shock .  Party before profits and profits before people .  Thatâ€™s the whole premise of the current GQP,0
61,"A 2 . 1 magnitude  # earthquake occured at 59 km WNW of Ninilchik, Alaska .  See the full report at : â€¦ ",1
62,Life in actual organized basketball with real referees will be difficult with these players .  Their parents will alsâ€¦,0
63,@ buggy_con Roanoke Gaming on YouTube is an actual Biologist and has talked about the games in the past .  Especiallyâ€¦,0
64," @ Ltward2 You have to trust me, the shock will wear off with time .  .  . the amount of time though is fluid .  .  . ",0
65,4 . 7 earthquake occurred 13km E of Tinaga Island at 05 : 00 UTC !   # earthquake  # TinagaIsland,1
66,@ JaipurDialogues They have 10 years at Max .  Then we will see such a humongous dip that will shock the world .,0
67,"A 4 . 8 magnitude  # earthquake occured at southwestern Ryukyu Islands, Japan .  See the full report at : â€¦ ",1
68,"My mother taught me the love of reading .  With her help, I was born weaving words around my soul .  BUT we rarely sharâ€¦ ",0
69,I fucking hate twitter now .  This shit is just shock videos and facebook memes,0
70,4 . 5 earthquake occurred 12km E of Tinaga Island at 04 : 51 UTC !   # earthquake  # TinagaIsland,1
71,"1 / 2 Oh Oprah what have you caused ?  You want to be the first to interview them clouded your judgment, but you Shockâ€¦ ",0
72,ima shock Driah with this news in a few weeks ðŸ¤£,0
73,"A 5 . 0 magnitude  # earthquake occured at 96 km SSW of Å»urrieq, Malta .  See the full report at :   ",1
74,The Patriots have a ton of cap space along with the 14th pick .  It wouldnâ€™t be that much of a shock if he returned aâ€¦,0
75,@ averygrrl ðŸ’¯ âœ…â€¦but do you add something you just finished to your To - Do just so you have something to check off rigâ€¦,0
76,@ themanofElohim  @ mxdondevivo go follow this guy and look at his recent earthquake researcher rt his recent post ðŸŒŠ,0
77,"4 . 6 earthquake close to Miyakojima, Okinawa, Japan at 04 : 33 UTC !   # earthquake ",1
78,4 . 54 earthquake occurred near Central Mediterranean Sea at 04 : 22 UTC !   # earthquake  # CentralMediterraneanSea,1
79,"A 2 . 9 magnitude  # earthquake occured at 3 km S of GuÃ¡nica, Puerto Rico .  See the full report at : â€¦ ",1
80,@ PinkCancerian Ippudu kooda shock ayyanu  .  .  meeru catch chesaru ga,0
81,"A 2 . 1 magnitude  # earthquake occured at 71 km WNW of Happy Valley, Alaska .  See the full report at : â€¦ ",1
82,Estoy en shockâ€¦,0
83,@ TBKirko quake is so good I love quake it is so good I bought it twice,0
84,Beast quake and Minnesota miracle back to back is not an accident,0
85,@ Asma66672108  @ nothing04040 Ù…Ùˆ Ø§Ù„Ù…ÙØ±ÙˆØ¶ Ø§ÙˆÙ„ Ø¬Ø±Ø¹Ù‡ IV iron ØªÙ†Ø§Ø®Ø¯ Ø¨Ø§Ù„Ù…Ø³ØªØ´ÙÙ‰ Ø¹Ø´Ø§Ù† Ù„Ùˆ Ø­ØµÙ„ Ø§ÙŠ anaphylactic shock ÙŠÙ„Ø­Ù‚ÙˆÙ‡Ø§ØŸØŸØŸ,0
86,"A 2 . 6 magnitude  # earthquake occured at 2 km W of Meadow Lakes, Alaska .  See the full report at : â€¦ ",1
87,Iâ€™m literally in shock !  !  Mariah Care and Christina Aguilera ?  ? ðŸ¥¹ðŸ¥¹,0
88,"A 2 . 5 magnitude  # earthquake occured at 13 km WSW of Carmen, Oklahoma .  See the full report at : â€¦ ",1
89,"Dent is wearing his shock absorbent Nikes with that challenged layup .  

The freshman for the three - point play at the line . ",0
90,"4 . 2 earthquake close to Miyakojima, Okinawa, Japan at 03 : 26 UTC !   # earthquake ",1
91,"A 2 . 2 magnitude  # earthquake occured at 34 km ENE of Tanana, Alaska .  See the full report at :   ",1
92,"John Tortorella sucks ass, what a shock ! ",0
93,@ LAPDHQ No thin blue line and you do not even know what it stands for ?  Something is wrong with your decision making . â€¦,0
94,"Siri go home you are drunk

PTJ Muay Thai trainerâ€™s shock as 15 cops turn up after Apple Watch calls policeâ€¦ ",0
95,The downfall of man :  Chronicle XXXX  -  Today not only did I break my omad fast that I have been maintaining for weeksâ€¦,0
96," @ EsuranceJack  @ hunter_7s  @ JRobertJohnson4  @ ksorbs Cause there are regulations in place . 
Federal background check .  ( fâ€¦ ",0
97," @ 517to214 But today it was a â€œshockâ€ that dallas pulled it off  &  now itâ€™s â€œTampa was a bad team . â€
Yesterday it wasâ€¦ ",0
98,WHY do humans have funny bones ?  ?  Canâ€™t the elbow just respond to pain like everywhere else ?  ?  That shock of pain is so unnecessary !  !,0
99,"A 4 . 2 magnitude  # earthquake occured at 5 km S of Santa BÃ¡rbara, Guatemala .  See the full report at : â€¦ ",1
100,"4 . 2 earthquake occurred 5km S of Santa BÃ¡rbara, Guatemala at 02 : 20 UTC !   # earthquake  # SantaBÃ¡rbara ",1
101,MASH with another mid range jumper  ( Pretend shock )   # GoLobos,0
102,"Pivoting is not the end of the disruption process, but the beginning of the next leg of your journey . â€• Jay Samit, ",0
103,"I ran across a Twitter kerfuffle regarding whether preachers should be funny, or employ humor at all .  A defense  ( anâ€¦ ",0
104,And Iâ€™m eating healthy lol my body is gonna go into shock ðŸ™ƒ,0
105,"A 2 . 1 magnitude  # earthquake occured at 1 km NW of Cole, Oklahoma .  See the full report at :   ",1
106," @ Stevehastweeted My not quite BiL was expressing shock at my Bruce love  &  I was like ""I went to see him perform theâ€¦ ",0
107," @ PropCazhPM That was surprising .  I can only assume they were in shock .  But once that passed, they should have actedâ€¦ ",0
108,@ pwniR3birth  @ pabloknight10  @ chef___DU Are you looking for a soft yolk or hard yolk ?  If looking for a Japanese stylâ€¦,0
109,@ RobertJohn1427  @ StrawStephen  @ scrowder Heâ€™s been upfront .  They already know that his YouTube is not making money . â€¦,0
110,"Widespread biological disruption for  # frogs caused by lethal  # pathogen but responses differ by species  .  .  .  

 | â€¦ ",0
111,@ JoeStief  @ Bubola Dude going to be in for a shock but he will still hit it,0
112,"A 2 . 2 magnitude  # earthquake occured at 2 km SE of Indios, Puerto Rico .  See the full report at : â€¦ ",1
113,How the actual fuck .  They just posted this !  !  !  In shock .,0
114,"In complete shock, Jay was one of those wrestlers that was effortlessly intimidating and put on great matches thatâ€¦ ",0
115,@ Gamergirl_Monty right on my friend !  if you do be careful with the sun dont get burnt to bad .  careful with cold shoâ€¦,0
116,"I am absolutely gutted, in shock, and heartbroken . 

He was always such a genuine human being to me when I was arounâ€¦ ",0
117,@ spookydaydreams  @ keffals shock and awe ðŸ˜,0
118,"I am absolutely gutted, in shock, and heartbroken . â€¦ ",0
119,@ Invisible_niqqa Dei enada night fulla boomer thongalaya pola after rachu gave the shock ðŸ¤¡ðŸ¤¡ðŸ˜‚ðŸ˜‚ðŸ˜‚ðŸ˜‚,0
120,"I am hearing a lot of kerfuffle about ""wokeness"" from the far right globally but what l really hear is a ducks in aâ€¦ ",0
121,@ aacole42 I feel a disturbance in the force,0
122,Iâ€™m in shock .   RIP Jay Briscoe,0
123,"A 4 . 6 magnitude  # earthquake occured at 34 km NE of Mercedes, Philippines .  See the full report at : â€¦ ",1
124,"Monna movie ki  vellam . 

Maa friend gadu inti daggara nunchi samosas and puffs techadu  .  .  nenu shock .   

Marchipoyyâ€¦ ",0
125,@ millenialfem  @ to_flutter Ohh the lucky caller ðŸ¥° I love the sultry lips,0
126,"4 . 1 earthquake occurred near Luzon, Philippines at 00 : 56 UTC !   # earthquake  # Luzon ",1
127,"The next cold front moves through early Wednesday, bringing some showers and storms .  Cooler air slowly returns to eâ€¦ ",0
128,"I need to move somewhere that meets all these conditions :  
âœ… summers arenâ€™t too hot
âœ… winters arenâ€™t too cold
âœ… noâ€¦ ",0
129,@ marscandybars_  @ GFuelEnergy I donâ€™t have a shock sticker ðŸ˜• I tried,0
130,"A 6 . 1 magnitude  # earthquake occured at 65 km SSE of Gorontalo, Indonesia .  See the full report at : â€¦ ",1
131,@ georgebsocial  @ TimSweeneyEpic Was given a free copy of Quake that night  ( a week before retail launch )  so I went toâ€¦,0
132,"Into my life, I did not like an E or disturbance of you . ",0
133,@ RonFilipkowski That seems worthy of a civil disturbance violation .,0
134,"6 . 3 earthquake occurred near Sulawesi, Indonesia at 00 : 34 UTC !   # earthquake  # Sulawesi ",1
135,"UPDATE :  Fugitive ' s arrest like a  ' quake, '  but Mafia very resilient ",0
136,A 4 . 1 magnitude  # earthquake occured at off the coast of Central America .  See the full report at : â€¦,1
137,"4 . 1 earthquake occurred 57km SW of Jiquilisco, El Salvador at 00 : 20 UTC !   # earthquake  # Jiquilisco ",1
138,@ georgebsocial  @ TimSweeneyEpic Iâ€™ve had computers since the Trash80 and Timex Sinclair .  But I purchased my first PCâ€¦,0
139,"A 2 . 8 magnitude  # earthquake occured at 6 km E of Hennessey, Oklahoma .  See the full report at : â€¦ ",1
140,This was the biggest sticker shock I had on a recent grocery shopping trip .,0
141,@ UltraXBT Or an earthquake happens and your fucked and lost at sea lol .,0
142," @ jen_wrightcr Whoa, that price could shock the heart .  More like Seizure Salad",0
143,"Patients miserable with chest syndromes, effort intolerance, neuropathic dysesthesia / pain, sleep disturbance .   Blooâ€¦ ",0
144,"A 2 . 2 magnitude  # earthquake occured at 5 km WNW of Purcell, Oklahoma .  See the full report at : â€¦ ",1
145,@ KevinWMunk  @ MikeTaylorShow  @ biggestpuma I would be more shock if it was not .  a shit show .,0
146,"Testing out a bunch of workout apps over the next few months . 

Setting a calendar reminder in April to test outâ€¦ ",0
147,@ AidanCeitic Dinnae man .  I get a flutter every time I see that shot,0
148,@ muffinsAKA My brother I will gently remind you of quake before you allow this to go on any further,0
149,@ JamesGunn  @ DCComics Will you  &  DC ever do anything with Static Shock in live action ?  ?,0
150,Our Deeds are the Reason of this  # earthquake May ALLAH Forgive us all,0
151,I am in utter shock and devastation you do not go to work to be left feeling how I do now .  Life really is too short  ?  ?,0
152,@ ssssnell yeah I agree but it is the shock factor that ropes people in if they just show devastation then it angers me,0
153,1 . 43 earthquake occurred near Mount St .  Helens area Washington at 09 : 36 UTC !   # earthquake,1
154,Contruction upgrading ferries to earthquake standards in Vashon Mukilteo  -  Q13 FOX   # EarthquakeNews,0
155,# 3Novices  :  Renison mine sees seismic event  A small earthquake at Tasmania ' s Renison tin project has created a tem,0
156,1 . 9 earthquake occurred 15km E of Anchorage Alaska at 00 : 11 UTC !   # earthquake  # Anchorage,1
157,# SCSeEstaPreparando Light mag .  4 . 4 earthquake   -   -  73km SW of Khuzdar Pakistan on Wednes .  .  .   via  @ volcanodiscover,1
158,Nepal earthquake 3 months on :  Women fear abuse  via  @  @ loupascale,0
159,USGS reports a M1 . 94  # earthquake 5km S of Volcano Hawaii on 8 / 6 / 15  @  1 : 04 : 01 UTC   # quake,1
160,GNS sees unnecessary deaths resulting from earthquake strengthening legislation   (  $  ),0
161, There was a small earthquake in LA but do not worry Emily Rossum is fine '   # difficultpeople is great,0
162,Contruction upgrading ferries to earthquake standards in Vashon Mukilteo :  The upgrades will bring the vulnera .  .  .,0
163,earthquake drill atm,0
164,# earthquake  ( EMSC )  :  MD 2 . 9 OFF COAST OF NORTHERN CALIFORNIA  G,1
165, There was a small earthquake in LA but do not worry Emmy Rossum is fine ',0
166,Scared to be living in Seattle when this predicted earthquake is going to destroy  ?  ?  ?  ?,0
167,Rescuers find survivors of Nepal earthquake buried  .  .  .,0
168,The 08 / 06 / 2015 AlabamaQuake seismic summary with  # earthquake  # news  &  history,0
169,Meet Brinco your own personal earthquake snd tsunami early warning beacon .,0
170,1 . 94 earthquake occurred 5km S of Volcano Hawaii at 01 : 04 UTC !   # earthquake  # Volcano,1
171,USGS reports a M1 . 94  # earthquake 5km S of Volcano Hawaii on 8 / 6 / 15  @  1 : 04 : 01 UTC   # quake,1
172,Forest fire near La Ronge Sask .  Canada,0
173,All residents asked to  ' shelter in place '  are being notified by officers .  No other evacuation or shelter in place orders are expected,0
174,"13,000 people receive  # wildfires evacuation orders in California ",0
175,Just got sent this photo from Ruby  # Alaska as smoke from  # wildfires pours into a school ,0
176, # Rocky Fire Update  =  >  California Hwy .  20 closed in both directions due to Lake County fire  -   # CAfire  # wildfires,0
177," # flood  # disaster Heavy rain causes flash flooding of streets in Manitou, Colorado Springs areas",0
178,I am on top of the hill and I can see a fire in the woods .  .  . ,0
179,There is an emergency evacuation happening now in the building across the street,0
180,I am afraid that the tornado is coming to our area .  .  . ,0
181,Three people died from the heat wave so far,0
182,Haha South Tampa is getting flooded hah -  WAIT A SECOND I LIVE IN SOUTH TAMPA WHAT AM I GONNA DO WHAT AM I GONNA DO FVCK  # flooding,0
183, # raining  # flooding  # Florida  # TampaBay  # Tampa 18 or 19 days .  I have lost count ,0
184, # Flood in Bago Myanmar  # We arrived Bago,0
185,Damage to school bus on 80 in multi car crash  # BREAKING ,0
186,What is up man ? ,0
187,I love fruits,0
188,Summer is lovely,0
189,My car is so fast,0
190,What a goooooooaaaaaal !  !  !  !  !  ! ,0
191,this is ridiculous .  .  .  . ,0
192,London is cool  ;  ) ,0
193,Love skiing,0
194,What a wonderful day ! ,0
195,LOOOOOOL,0
196,No way .  .  . I cannot eat that shit,0
197,Was in NYC last week ! ,0
198,Love my girlfriend,0
199,Cooool  :  ) ,0
200,Do you like pasta ? ,0
201,The end ! ,0
202, @ bbcmtd Wholesale Markets ablaze ,0
203,We always try to bring the heavy .   # metal  # RT ,0
204, # AFRICANBAZE :  Breaking news : Nigeria flag set ablaze in Aba .  ,0
205,Crying out for more !  Set me ablaze,0
206,On plus side LOOK AT THE SKY LAST NIGHT IT WAS ABLAZE ,0
207, @ PhDSquares  # mufc they have built so much hype around new acquisitions but I doubt they will set the EPL ablaze this season . ,0
208,INEC Office in Abia Set Ablaze  -  ,0
209,Barbados  # Bridgetown JAMAICA  Two cars set ablaze :  SANTA CRUZ  Head of the St Elizabeth Police Superintende .  .  .   ,0
210,Ablaze for you Lord  : D,0
211,Check these out :       # nsfw,0
212,"on the outside you are ablaze and alive
but you are dead inside",0
213,Had an awesome time visiting the CFC head office the ancop site and ablaze .  Thanks to Tita Vida for taking care of us  ?  ? ,0
214,SOOOO PUMPED FOR ABLAZE  ?  ?  ?  ?   @ southridgelife,0
215,I wanted to set Chicago ablaze with my preaching .  .  .  But not my hotel !  ,0
216,I gained 3 followers in the last week .  You ?  Know your stats and grow with ,0
217,How the West was burned :  Thousands of wildfires ablaze in California alone ,0
218,Building the perfect tracklist to life leave the streets ablaze,0
219,Check these out :       # nsfw,0
220,First night with retainers in .  It is quite weird .  Better get used to it ;  I have to wear them every single night for the next year at least . ,0
221,Deputies :  Man shot before Brighton home set ablaze ,0
222,"Man wife get six years jail for setting ablaze niece
",0
223,SANTA CRUZ  Head of the St Elizabeth Police Superintendent Lanford Salmon has r  .  .  .   -   ,0
224,Police :  Arsonist Deliberately Set Black Church In North CarolinaAblaze ,0
225,Noches El - Bestia  '  @ Alexis_Sanchez :  happy to see my teammates and training hard  ?  ?  goodnight gunners .  ?  ?  ?  ?  ?  ?   ' ,0
226, # Kurds trampling on Turkmen flag later set it ablaze while others vandalized offices of Turkmen Front in  # Diyala ,0
227,TRUCK ABLAZE  :  R21 .  VOORTREKKER AVE .  OUTSIDE OR TAMBO INTL .  CARGO SECTION .  ,0
228,Set our hearts ablaze and every city was a gift And every skyline was like a kiss upon the lips  @  ,0
229,They sky was ablaze tonight in Los Angeles .  I am expecting IG and FB to be filled with sunset shots if I know my peeps !  ! ,0
230,How the West was burned :  Thousands of wildfires ablaze in  # California alone   # climate  # energy ,0
231,Revel in yours wmv videos by means of mac farewell ablaze wmv en route to dvd :  GtxRWm,0
232,"Progressive greetings ! 

In about a month students would have set their pens ablaze in The Torch Publications '  .  .  .  ",0
233,Rene Ablaze  &  Jacinta  -  Secret 2k13  ( Fallen Skies Edit )   -  Mar 30 2013  ,0
234, @ Navista7 Steve these fires out here are something else !  California is a tinderbox  -  and this clown was setting my  ' hood ablaze  @ News24680,0
235, # NowPlaying :  Rene Ablaze  &  Ian Buff  -  Magnitude    # EDM,0
236, @ nxwestmidlands huge fire at Wholesale markets ablaze ,0
237, @ ablaze what time does your talk go until ?  I do not know if I can make it due to work . ,0
238, ' I cannot have kids cuz I got in a bicycle accident  &  split my testicles .  it is impossible for me to have kids '  MICHAEL YOU ARE THE FATHER,0
239,Accident on I - 24 W  # NashvilleTraffic .  Traffic moving 8m slower than usual .  ,0
240,Accident center lane blocked in  # SantaClara on US - 101 NB before Great America Pkwy  # BayArea  # Traffic ,0
241, Had a  # personalinjury accident this summer ?  Read our advice  &  see how a  # solicitor can help  # OtleyHour,0
242, # stlouis  # caraccidentlawyer Speeding Among Top Causes of Teen Accidents   Car Accident tee,0
243,Reported motor vehicle accident in Curry on Herman Rd near Stephenson involving an overturned vehicle .  Please use .  .  .  ,0
244,BigRigRadio Live Accident Awareness,0
245,I - 77 Mile Marker 31 South Mooresville  Iredell Vehicle Accident Ramp Closed at 8 / 6 1 : 18 PM,0
246,RT  @ SleepJunkies :  Sleeping pills double your risk of a car accident ,0
247, ' By accident '  they knew what was gon happen ,0
248,Traffic accident N CABRILLO HWY / MAGELLAN AV MIR  ( 08 / 06 / 15 11 : 03 : 58 ) ,0
249,I - 77 Mile Marker 31 to 40 South Mooresville  Iredell Vehicle Accident Congestion at 8 / 6 1 : 18 PM,0
250,the pastor was not in the scene of the accident .  .  .  .  .  . who was the owner of the range rover  ? ,0
251,"mom :   ' we did not get home as fast as we wished '  
me :   ' why is that ?  ' 
mom :   ' there was an accident and some truck spilt mayonnaise all over  ?  ?  ?  ?  ?  ? ",0
252,I was in a horrible car accident this past Sunday .  I am finally able to get around .  Thank you GOD ?  ? ,0
253,Can wait to see how pissed Donnie is when I tell him I was in ANOTHER accident ?  ? ,0
254, # TruckCrash Overturns On  # FortWorth Interstate  Click here if you have been in a crash > ,0
255,Accident in  # Ashville on US 23 SB before SR 752  # traffic ,0
256,Carolina accident :  Motorcyclist Dies in I - 540 Crash With Car That Crossed Median :  A motorcycle rider traveling .  .  .  ,0
257,FYI CAD : FYI :   ; ACCIDENT PROPERTY DAMAGE ; NHS ; 999 Piner RD / Horndale DR,0
258,RT nAAYf :  First accident in years .  Turning onto Chandanee Magu from near MMA .  Taxi rammed into me while I was halfway turned .  Everyone conf,0
259,Accident left lane blocked in  # Manchester on Rt 293 NB before Eddy Rd stop and go traffic back to NH - 3A delay of 4 mins  # traffic,0
260, ; ACCIDENT PROPERTY DAMAGE ;  Piner RD / Horndale DR,0
261, ?  ?  ?  ?  it was an accident ,0
262,FYI CAD : FYI :   ; ACCIDENT PROPERTY DAMAGE ; WPD ; 1600 S 17TH ST,0
263,2015 - 08 - 06 @ 2 : 09 PM :  TRAFFIC ACCIDENT NO INJURY at 2781 WILLIS FOREMAN RD ,0
264,Aashiqui Actress Anu Aggarwal On Her Near - Fatal Accident ,0
265,Suffield Alberta Accident ,0
266,9 Mile backup on I - 77 South .  .  . accident blocking the Right 2 Lanes at Exit 31 Langtree Rd .  .  . consider NC 115 or NC 150 to NC 16 as alternate,0
267,Has an accident changed your life ?  We will help you determine options that can financially support life care plans and on - going treatment . ,0
268, # BREAKING :  there was a deadly motorcycle car accident that happened to  # Hagerstown today .  I will have more details at 5  @ Your4State .   # WHAG,0
269, @ flowri were you marinading it or was it an accident ? ,0
270,only had a car for not even a week and got in a fucking car accident  .  .  Mfs cannot fucking drive  . ,0
271, .  @ NorwayMFA  # Bahrain police had previously died in a road accident they were not killed by explosion ,0
272,I still have not heard Church Leaders of Kenya coming forward to comment on the accident issue and disciplinary measures # ArrestPastorNganga,0
273, @ afterShock_DeLo scuf ps live and the game .  .  .  cya,0
274," ' The man who can drive himself further once the effort gets painful is the man who will win .  '  
Roger Bannister",0
275,320  [ IR ]  ICEMOON  [ AFTERSHOCK ]   |    |   @ dj icemoon  |   # Dubstep  # Trap Music  # DnB  # EDM  # Dance  # Ices ,0
276, ' There is no victory at bargain basement prices .  '  Dwight David Eisenhower,0
277,320  [ IR ]  ICEMOON  [ AFTERSHOCK ]   |    |   @ dj icemoon  |   # Dubstep  # Trap Music  # DnB  # EDM  # Dance  # Ices ,0
278, ' Nobody remembers who came in second .  '  Charles Schulz,0
279, @ afterShock_DeLo im speaking from someone that is using a scuf on xb1 most of them people will end up getting on for ps also . ,0
280, ' The harder the conflict the more glorious the triumph .  '  Thomas Paine,0
281, # GrowingUpSpoiled going clay pigeon shooting and crying because of the  ' aftershock ' ,0
282,So i guess no one actually wants any free Aftershock TC .  .  .  .  . ,0
283,Aftershock was the most terrifying best roller coaster I have ever been on .   * DISCLAIMER *  I have been on very few . ,0
284,Aftershock ,0
285,320  [ IR ]  ICEMOON  [ AFTERSHOCK ]   |    |   @ dj icemoon  |   # Dubstep  # Trap Music  # DnB  # EDM  # Dance  # Ices ,0
286,320  [ IR ]  ICEMOON  [ AFTERSHOCK ]   |    |   @ dj icemoon  |   # Dubstep  # Trap Music  # DnB  # EDM  # Dance  # Ices ,0
287,320  [ IR ]  ICEMOON  [ AFTERSHOCK ]   |    |   @ dj icemoon  |   # Dubstep  # Trap Music  # DnB  # EDM  # Dance  # Ices ,0
288, @ KJForDays I am seeing them and Issues at aftershock  ?  ? ,0
289,320  [ IR ]  ICEMOON  [ AFTERSHOCK ]   |    |   @ dj icemoon  |   # Dubstep  # Trap Music  # DnB  # EDM  # Dance  # Ices ,0
290,320  [ IR ]  ICEMOON  [ AFTERSHOCK ]   |    |   @ dj icemoon  |   # Dubstep  # Trap Music  # DnB  # EDM  # Dance  # Ices ,0
291, # WisdomWed BONUS  -  5 Minute Daily Habits that could really improve your life .  How many do you already do ?   # lifehacks ,0
292,Aftershock :  Protect Yourself and Profit in the Next Global Financial Meltdown by David Wiedemer http ,0
293,That moment when you get on a scary roller coaster and the guy behind you is just screaming bloody murder  ?  ?  ?  ?  ?  ?   # silverwood  # aftershock,0
294,Aftershock Â‰Ã£Â¢  ( 2010 )  FullÂ‰Ã£Â¢ Streaming  -  YouTube ,0
295," >  >   $ 15 Aftershock  :  Protect Yourself and Profit in the Next Global Financial .  .  .   #  # book 
 @ esquireattire",0
296,Sometimes you face difficulties not because you are doing something wrong but because you are doing something right .   -  Joel Osteen,0
297, ' The only thing that stands between you and your dream is the will to try and the belief that it is actually possible .  '   -  Joel Brown,0
298,Praise God that we have ministry that tells it like it is !  !  !   # now  # wdyouth  # biblestudy ,0
299, ' Remembering that you are going to die is the best way I know to avoid the trap of thinking you have something to lose .  '   Steve Jobs,0
300,Tried orange aftershock today .  My life will never be the same,0
301, @ OnFireAnders I love you bb,0
302,Aftershock ,0
303,Aftershock back to school kick off was great .  I want to thank everyone for making it possible .  What a great night . ,0
304,People who say it cannot be done should not interrupt those who are doing it .   George Bernard Shaw,0
305, ' The first man gets the oyster the second man gets the shell .  '  Andrew Carnegie,0
306,Anyone need a P / U tonight ?  I play Hybrid Slayer ps4 EU .  HMU  @ Cod8sandscrims  @ EmpirikGaming  @ CoDAWScrims  @ 4TP_KOTC  @ 4TPFA  @ afterShock_Org,0
307,Experts in France begin examining airplane debris found on Reunion Island :  French air accident experts o .  .  .    # news,0
308,Strict liability in the context of an airplane accident :  Pilot error is a common component of most aviation cr .  .  .  ,0
309, @ crobscarla your lifetime odds of dying from an airplane accident are 1 in 8015 . ,0
310,Experts in France begin examining airplane debris found on Reunion Island :  French air accident experts on Wedn .  .  .  ,0
311, @ AlexAllTimeLow awwww they are on an airplane accident and they are gonna die what a cuties  ?  ?  ?  ?  good job ! ,0
312,family members of osama bin laden have died in an airplane accident how ironic  ?  ?  ?  ?  ?  ?  mhmmm gov shit i suspect,0
313,Man Goes into Airplane Engine Accident :   via  @ YouTube,0
314,Horrible Accident  Man Died In Wings of Airplane  ( 29 - 07 - 2015 )  ,0
315,A Cessna airplane accident in Ocampo Coahuila Mexico on July 29 2015 killed four men including a State of Coahuila government official . ,0
316, # Horrible  # Accident Man Died In Wings Airplane  ( 29 - 07 - 2015 )   # WatchTheVideo ,0
317,Experts in France begin examining airplane debris found on Reunion Island  French air accident experts on Wednesday,0
318,Experts in France begin examining airplane debris found on Reunion Island :  French air accident experts on Wednesday began examining t .  .  . ,0
319, # KCA  # VoteJKT48ID mbataweel :   # RIP  # BINLADEN Family members who killed in an airplane ' s accident,0
320,I almost sent my coworker nudes on accident thank god for airplane mode,0
321, @ mickinyman  @ TheAtlantic That or they might be killed in an airplane accident in the night a car wreck !  Politics at it is best . ,0
322,Experts in France begin examining airplane debris found on Reunion Island :  French air accident experts on .  .  .    # MLB,0
323,"This is unbelievably insane . 
 # man  # airport  # airplane  # aircraft  # aeroplane  # runway  # accident  # freaky ",0
324,Horrible Accident  |   Man Died In Wings of Airplane ( 29 - 07 - 2015 )  ,0
325,Horrible Accident Man Died In Wings of Airplane  ( 29 - 07 - 2015 )  ,0
326,Usama bin Ladins family dead in airplane crash .  Naturally no accident . ,0
327,Pilot Dies In Plane Crash At Car Festival  via  @ YouTube  # Crash  # Aircraft  # Airplane  # Pilot  # Death  # Accident  # CarFest,0
328,Strict liability in the context of an airplane accident  -  ,0
329,DTN Brazil :  Experts in France begin examining airplane debris found on Reunion Island :  French air accident exp .  .  .  ,0
330,Experts in France begin examining airplane debris found on Reunion Island :  French air accident experts on Wedn .  .  .  ,0
331,Horrible Accident Man Died In Wings Of Airplane 29 - 07 - 2015 .  WTF You Cant Believe Your EYES  .  .  .  ,0
332," +  Nicole Fletcher one of a victim of crashed airplane few times ago .  

The accident left a little bit trauma for her .  Although she is 

 + ",0
333,OMG Horrible Accident Man Died in Wings of Airplane .  ,0
334," # OMG !  I do not believe this .   # RIP bro
 # AirPlane  # Accident  # JetEngine  # TurboJet  # Boing  # G90 ",0
335,Experts in France begin examining airplane debris found on Reunion Island :  French air accident experts on Wednesday began examining t .  .  . ,0
336,I had a airplane accident . ,0
337,My phone looks like it was in a car ship airplane accident .  Terrible,0
338,Statistically I am at more of risk of getting killed by a cop than I am of dying in an airplane accident . ,0
339,airplane crashes on house in Colombia 12 people die in accident ,0
340,The shooting or the airplane accident  ,0
341,Could a drone cause an airplane accident ?  Pilots worried about use of drones esp .  in close vicinity of airports   # ,0
342,Early wake up call from my sister begging me to come over  &  ride withher in the ambulance to the hospital  # RODKiai,0
343, Twelve feared killed in Pakistani air ambulance helicopter crash ,0
344,Two air ambulances on scene of serious crash between two cars and lorry in  .  .  .   -     |   # EMSNe,0
345,Twelve feared killed in Pakistani air ambulance helicopter crash  -  Reuters   # yugvani,0
346,Leading emergency services boss welcomes new ambulance charity ,0
347,Anyone travelling Aberystwyth - Shrewsbury right now there is been an incident .  Services at a halt just outside Shrews .  Ambulance on scene . ,0
348,Twelve feared killed in Pakistani air ambulance helicopter crash ,0
349,AMBULANCE SPRINTER AUTOMATIC FRONTLINE VEHICLE CHOICE OF 14 LEZ COMPLIANT  |  eBay ,0
350,New Nanotech Device Will Be Able To Target And Destroy Blood Clots ,0
351, @ 20skyhawkmm20  @ traplord_29  @ FREDOSANTANA300  @ LilReese300 it was hella crazy 3 fights an ambulance and a couple mosh pits  ?  ? ,0
352,If I get run over by an ambulance am I lucky ?   # justsaying  # randomthought,0
353, # news Twelve feared killed in Pakistani air ambulance helicopter crash   # until now  # DNA,0
354, Twelve feared killed in Pakistani air ambulance helicopter crash ,0
355, @ TanSlash waiting for an ambulance,0
356, @ fouseyTUBE you ok ?  Need a ambulance .  Hahahah that was good !  ,0
357,AMBULANCE SPRINTER AUTOMATIC FRONTLINE VEHICLE CHOICE OF 14 LEZ COMPLIANT  |  eBay ,0
358,Pakistan air ambulance helicopter crash kills nine ,0
359, @ TheNissonian  @ RejectdCartoons nissan are you ok do you need medical assistance i can call an ambulance if you need me to,0
360,EMS1 :  NY EMTs petition for  $ 17 per hour minimum wage   # ems  # paramedics  # ambulance,0
361, Twelve feared killed in Pakistani air ambulance helicopter crash ,0
362,Twelve feared killed in Pakistani air ambulance helicopter crash ,0
363,AMBULANCE SPRINTER AUTOMATIC FRONTLINE VEHICLE CHOICE OF 14 LEZ COMPLIANT  |  eBay ,0
364,AMBULANCE SPRINTER AUTOMATIC FRONTLINE VEHICLE CHOICE OF 14 LEZ COMPLIANT  |  eBay ,0
365, @ Kiwi_Karyn Check out what is in my parking lot !  !  He said that until last year it was an ambulance in St Johns .  ,0
366,when you do not know which way an ambulance is coming from  <  < ,0
367, # reuters Twelve feared killed in Pakistani air ambulance helicopter crash ,0
368, Twelve feared killed in Pakistani air ambulance helicopter crash ,0
369,Why is there an ambulance right outside my work,0
370, @ LeoBlakeCarter :  This dog thinks he is an ambulance  ?  ?  ?  ?  ?  ?   @ natasha_rideout,0
371,HAPPENING NOW  -  HATZOLAH EMS AMBULANCE RESPONDING WITH DUAL SIRENS AND ,0
372, Twelve feared killed in Pakistani air ambulance helicopter crash ,0
373, Twelve feared killed in Pakistani air ambulance helicopter crash ,0
374,Twelve feared killed in Pakistani air ambulance helicopter crash   # worldNews,0
375,Twelve feared killed in Pakistani air ambulance helicopter crash   # worldnews,0
376,What is the police or ambulance number in Lesotho ?  Any body know ? ,0
377, @ medic914  @ AACE_org I am surprised we still cannot standardised the clinical practice across the 11 NHS ambulance trust . ,0
378, Twelve feared killed in Pakistani air ambulance helicopter crash ,0
379,People who try to j - walk while an ambulance is passing .  .  .  I hate you . ,0
380,The episode where Trunks annihilated Freiza is the cleanest shit ever .  He showed that nigga no mercy . ,0
381,THEY SHALL BE ANNIHILATED AND ALL OF THEIR PETEBESTS DESSICATED AND LAID BARE .  THEN YOU SHALL KNEEL BEFORE ME . ,0
382,Uribe just annihilated that baseball .   # Mets,0
383, @ marksmaponyane Hey ! Sundowns were annihilated in their previous meeting with Celtic . Indeed its an improvement . ,0
384, @ Volfan326  @ TNeazzy Mizzou has annihilated florida the past 2 seasons even ended muschamp ' s career just cannot compete with Bama,0
385,Annihilated Abs  .   ?  ?  ,0
386,Be annihilated for status education mba on behalf of a on easy street careen :  eOvm ,0
387, * to Luka *  They should all die !  All of them !  Everything annihilated !   -  Alois Trancy,0
388, @ ACarewornHeart Have a good un fella sorry I will not be there to get annihilated with you  :  ( ,0
389,Cop pulls drunk driver to safety SECONDS before his car is hit by train .    via  @ Viral Spell,0
390,You must be annihilated ! ,0
391,Cop pulls drunk driver to safety SECONDS before his car is hit by train .    via  @ Viral Spell,0
392,BOOM !  Your country was just entirely annihilated by a h  Britain ,0
393, @ AmirKingKhan you would have been annihilated so you might as well thank  @ FloydMayweather,0
394,One thing for sure - God has promised Israel will not be annihilated .  But .  .  . the horror of Iran withnukes .  ,0
395, @ violentfeminazi I guess that is ok for Armenians since we have spent most of our history getting annihilated,0
396,70 years since we annihilated 100000 people instantly and became aware that we have the ability to annihilate the whole of humanity,0
397,day 1 of tryouts went good minus the fact I stopped quickly to get a short ball and Annihilated my toenail injury even more,0
398,"During the 1960s the oryx a symbol of the Arabian Peninsula were annihilated by hunters .  
 ",0
399, ( To Luka )   ' They should all die !  All of them !  Everything annihilated !  '   -  Alois Trancy  - ,0
400,Ready to get annihilated for the BUCS game,0
401, @ PhilipDuncan  @ breakfastone People  ' annihilated by last nights weather '  .  .  .  Really Philip thought you would have forecast that .  .  . ,0
402,Domain other sophistication be annihilated closely up - to - the - minute feat :  ZrNf,0
403, @ stormbeard  @ steel_lord I seen Judas Priest in 2005 when Rob came back ;  Scorpions as support .  Fucking annihilated the place .  Astonishing gig,0
404,Officially skipping out on  # Fantastic Four /  # Fant4stic / whatever the hashtag is .  It is getting ANNIHILATED in reviews .  Bummer . ,0
405, @ TomcatArts thus explaining why you were all annihilated .  But the few or in this case you the only survivor evolved and became godlike,0
406,just completely annihilated cech with paul keegan what a time to be alive,0
407, @ TomcatArts  ' who then were annihilated by the legion itself .  The survivors of the imperfect hybrid project quickly formed a new secret cell,0
408, @ SirBrandonKnt exactly .  That is why the lesnar / cena match from summerslam last year was so great because Brock annihilated a guy who is,0
409,Cop pulls drunk driver to safety SECONDS before his car is hit by train .    via  @ Viral Spell,0
410,"ANNIHILATED IN DAMASCUS :  SYRIAN ARMY GRINDS ALLOOSH AND HIS GANG INTO THE MANURE PILE
",0
411, @ thatdes ok i was not completely forthright i may have also been in a food coma bc of the kebab / tahini / pickles i also annihilated withfries,0
412,A fun filled happy - hour at Simmons bar in Camden with this handsome one  ?  ?   ( I got annihilated apart from this game )  ,0
413,Juanny Beisbol Sr .  Annihilated that ball .   # LGM,0
414, @ rvfriedmann Hell is just a fraction of his belief of total annihilation destruction of USA  @ LodiSilverado  @ ritzy_jewels,0
415, @ POTUS Maybe we should call Israel and tell them we are sorry are Pres has sold them down the river to annihilation . ,0
416,Evildead  -  Annihilation of Civilization ,0
417,U . S National Park Services Tonto National Forest :  Stop the Annihilation of the Salt River Wild Horse .  .  .   via  @ Change,0
418,annihilating quarterstaff of annihilation,0
419,World Annihilation vs Self Transformation  Aliens Attack to Exterminate Humans ,0
420, : StarMade :   : Stardate 3 :   : Planetary Annihilation :  :   via  @ YouTube,0
421,U . S National Park Services Tonto National Forest :  Stop the Annihilation of the Salt River Wild Horse .  .  .   via  @ Change,0
422,U . S National Park Services Tonto National Forest :  Stop the Annihilation of the Salt River Wild Horse .  .  .   via  @ Change,0
423, @ KimKardashian can you please sign and share this petition to save wild horses in Arizona .    ?  ?  ?  ? ,0
424,U . S National Park Services Tonto National Forest :  Stop the Annihilation of the Salt River Wild Horse .  .  .   via  @ Change,0
425, @ TheEllenShow Please check into Salt River horses help stop the annihilation about to happen without 54000 more signatures . change  . org Thx,0
426,Are souls punished withannihilation ?   ,0
427, @ CalFreedomMom  @ steph93065 not to mention a major contributor to the annihilation of Israel,0
428, @ willienelson We need help !  Horses will die ! Please RT  &  sign petition ! Take a stand  &  be a voice for them !   # gilbert23 ,0
429,I reject the laws of the misguided false prophets imprison nations fueling self annihilation,0
430,U . S National Park Services Tonto National Forest :  Stop the Annihilation of the Salt River Wild Horse .  .  .   via  @ Change,0
431,"The annihilation of Jeb Christie  &  Kasich is less than 24 hours away .  . 
Please God allow me at least one more full day .  .  . ",0
432, @ Barbi_Twins We need help - horses will die !  Please RT  &  sign petition !  Take a stand  &  be a voice for them !   # gilbert23 ,0
433, @ Whippenz We need help !  Horses will die ! Please RT  &  sign petition ! Take a stand  &  be a voice for them !   # gilbert23 ,0
434,Hey  # AZ :  Sign this petition to save the  # Wild Horses  @   # TantoNationalForest !  A  @ RollingStones sing - a - long is in order :  ,0
435,Stop the Annihilation of the Salt River Wild Horses !   via  @ Change,0
436, @ SonofBaldwin and he is the current Nova in the bookslast I checked .  . he was tied into the books in 2011 after Rider died during Annihilation,0
437,U . S National Park Services Tonto National Forest :  Stop the Annihilation of the Salt River Wild Horse .  .  .   via  @ Change,0
438,Please sign  &  RT to save  # SaltRiverWild Horses  ,0
439,THANKS !  !  !  !  !   @ COUNT DANTE .    :  )   DO JOIN US BY FOLLOWING THE  @ ANNIHILATION ZONE .   JOHNNY . ,0
440,World Annihilation vs Self Transformation  Aliens Attack to Exterminate Humans ,0
441,U . S National Park Services Tonto National Forest :  Stop the Annihilation of the Salt River Wild Horse .  .  .   via  @ Change,0
442,U . S National Park Services Tonto National Forest :  Stop the Annihilation of the Salt River Wild Horse .  .  .   via  @ Change,0
443,I am gonna fight Taylor as soon as I get there . ,0
444,ohH NO FUKURODANI DIDN ' T SURVIVE THE APOCALYPSE BOKUTO FEELS HORRIBLE  my poor boy my ppor child,0
445,will there be another jocelyn birthday apocalypse,0
446,RT :  janenelson097 :  RT StephenSCIFI :  Adaptation Watch :  Charlie Human ' s APOCALYPSE NOW NOW Optioned for Film  # sciencefiction ,0
447,Apocalypse please,0
448,Another hour !  It is August 05 2015 at 08 : 02 PM Here is Red Rover Zombie Apocalypse 2014 !    # internetradio  # collegeradi,0
449, @ HoneyBunzGem  @ primalkitchen I feel like me doing a pull - up is one of the stages of the Apocalypse . ,0
450,She is kinda hot played on the radio today .  What is next ?  Disease to all ?  The apocalypse has started everyone .  Be careful . ,0
451,But if it is the apocalypse lol gf m8,0
452,I know it is a question of interpretation but this is a sign of the apocalypse .   I called it ,0
453,Julie  +  R is the apocalypse version of Romeo  +  Juliet  # warmbodies,0
454,the apocalypse is upon us,0
455,RT :  fittscott :  Minecraft -  NIGHT LUCKY BLOCK MOD  ( BOB APOCALYPSE WITHER 2 . 0  &  MORE !  )  Mod Showcase Popular MMOs :   vi,0
456,And so it begins .  .  day one of the snow apocalypse,0
457,"RT :  Our_Mother_Mary :  Short Reading

Apocalypse 21 : 1023 

In the spirit the angel took me to the top of an enormous high mountain and .  .  .  ",0
458,candylit :  Imagine sarumi in a zombie apocalypse Fighting back to back Heart to heart conversations over the .  .  .  ,0
459,RT :  ZONEWolf123 :  I liked a YouTube video  Minecraft :  NIGHT LUCKY BLOCK MOD  ( BOB APOCALYPSE WITHER 2 . 0  &  MORE !  )  Mo,0
460,And that is because on my planet it is the lone audience of the apocalypse ! ,0
461,Dad bought a DVD that looks like a science doc on the front but I read the back and it is actually about the impending biblical apocalypse,0
462, @ alexandrapullin It is indeed .  If the apocalypse comes this week I know where I will be  :  ) ,0
463,GO LOOK AT GRIZZLY PEAK RIGHT NOW .  .  .  It looks like the beginning of an dystopian apocalypse movie,0
464,My niece just asked me  ' would you be scared if there was an apocalypse here ?  '   ?  ?  ?  ? ,0
465,There is a Storm over Cairo in the latest  ' X - Men Apocalypse '  set photo  via  @ YahooTV,0
466,Minecraft -  NIGHT LUCKY BLOCK MOD  ( BOB APOCALYPSE WITHER 2 . 0  &  MORE !  )  Mod Showcase Popular MMOs :   via  @ YouTube,0
467,Shot Through The Heart XV :  You are going to totally give love a bad name with this heart pierc  ,0
468,RT :  Geek_Apocalypse :  4pm GMT  : Hesse plays dark souls 2 day 9 :     # etcPB,0
469,I know where to go when the zombies take over !  !  ,0
470,The latest from  @ BryanSinger reveals  # Storm is a queen in  # Apocalypse  @ RuPaul  @ AlexShipppp ,0
471,Shadow boxing the apocalypse,0
472,"Short Reading

Apocalypse 21 : 1023 

In the spirit the angel took me to the top of an enormous high mountain and .  .  .  ",0
473,Enjoyed live - action Attack on Titan but every time I see posters I am reminded how freshly clean and coiffed everyone is in the apocalypse . ,0
474,I liked a  @ YouTube video  Minecraft :  NIGHT LUCKY BLOCK MOD  ( BOB APOCALYPSE WITHER 2 . 0  &  MORE !  )  Mod Showcase,0
475, # PBBan  ( Temporary : 300 )  avYsss  @  ' armageddon  |  DO NOT KILL  |  FLAGS ONLY  |  Fast XP '  for Reason,0
476, # PBBan  ( Temporary : 300 )  Russaky89  @  ' armageddon  |  DO NOT KILL  |  FLAGS ONLY  |  Fast XP '  for Reason,0
477, (  ( OFFICIAL VID )  )   # DoubleCups  >  >    >  >   @ TrubGME Prod  @ Bonnie Wright  >  >   # ARMAGEDDON,0
478,ouvindo Peace Love  &  Armageddon,0
479,Best movie you have ever seen ?   -  Armageddon  ,0
480,Bed time .  do not wake me up unless revolution or Armageddon start . ,0
481,Red Faction :  Armageddon   ( Microsoft Xbox 360 2011 )   -  Full read by eBay  ,0
482, @ KatieKatCubs you already know how this shit goes .  World Series or Armageddon . ,0
483,RT  @ Ophiuchus2613 :   # Love  # TrueLove  # romance lith   # Voodoo  # seduction  # Astrology  # RTRRT  # LOTZ 9 - 11  # apocalypse  # Armageddon  # 1008pla,0
484," /  / im gonna beat armageddon as Hsu Hao  ?  ?  ?  ? 
just got a flawless on my first try",0
485, @ ENews Ben Affleck .  .  .  .  .  . I know there is a wife / kids and other girls but I cannot help it .  I have loved him since Armageddon  # eonlinechat,0
486, ' If I would have had a long coat to hand I would have worn it .  The certainty of armageddon bears a sense of occasion .  ' ,0
487,YOUR PHONE IS SPYING ON YOU !  Hidden Back Door NSA Data Mining Software  |  THE FINANCIAL ARMAGEDDON BLOG ,0
488, # PBBan  ( Temporary : 300 )  hyider_ghost2  @  ' armageddon  |  DO NOT KILL  |  FLAGS ONLY  |  Fast XP '  for Reason,0
489,RT  @ RTRRTcoach :   # Love  # TrueLove  # romance lith   # Voodoo  # seduction  # Astrology  # RTRRT  # LOTZ 9 - 11  # apocalypse  # Armageddon  # 1008planet,0
490, # PBBan  ( Temporary : 300 )  fighterdena  @  ' armageddon  |  DO NOT KILL  |  FLAGS ONLY  |  Fast XP '  for Reason,0
491,Photo :  Sketch I did based on the A Taste of Armageddon episode of  # startrek  # tos ,0
492,Armageddon ,0
493," @ AberdeenFC  @ AberdeenFanPage 

Good luck to the  ?  ?  ?  ?  ?  ?  tomorrow night 

Get some coefficient points plz 
 @ Armageddon ?  ?  ?  ? ",0
494, @ paddytomlinson1 ARMAGEDDON,0
495, @ Rohnert Park Police Department You are another one for the history books !   ( Thank the Justice Department !  )  And by the way I have not paid income tax in 20yrs . ,0
496,"Vladimir Putin Issues Major Warning But Is It Too Late To Escape Armageddon ? 
",0
497,God ' s Kingdom  ( Heavenly Gov ' t )  will rule over all people on the earth after Armageddon .     ,0
498,L B  # Entertainment lot of 8  # BruceWillis MOVIES  # DVD DIE HARD 1 2 12 MONKEYS ARMAGEDDON SIXTH  # eBay  # Auction ,0
499,Lets talk some more about your goof guild Saunders .  Come right up here on stage .  ,0
500, @ Karnythia my niece is gaining the ability to stand .  I am getting prepared for toddler apocalypse Armageddon,0
501,Check out  # PREPPERS  # DOOMSDAY MUST HAVE LIBRARY COLLECTION ON CD  # shtf  # preppertalk  # survival  # 2A  # prepper  via  @ eBay,0
502, @ Erker Again ?  ?  Eep !  Thought of you yesterday when I saw that hella scary hail .   # armageddon ? ,0
503,So the Ahamedis think the Messiah had already come 125 years ago ?  Where is Armageddon ?  Where is the Dajaal ?  Where is Gog  &  Magog ?  ! ,0
504,Sadly How Windows 10 Reveals Microsoft ' s Ethics Armageddon ,0
505,"Armageddon averted by El Patron
 # Ultima Lucha",0
506, @ samihonkonen If you have the time  ( 23 hours  ?  ?  )  the latest series about WW1 Blueprint for Armageddon is extremely impressive . ,0
507,European Fitba till Christmas  ARMAGEDDON,0
508, # Christians United for  # Israel  (  # CUFI )  :  Jews should convert soon or die by armageddon   # US ,0
509, ( OFFICIAL VID )   >   # DoubleCups  >  >    >  >   @ TrubGME Prod  @ Bonnie Wright  >  >   # ARMAGEDDON                  . ,0
510,Tomorrow is the day we start armageddon  # preseasonworkouts  ?  ?  ?  ? ,0
511,Lee does comedy :   @ LeeJasper :  Working class Tories prepare for your Armageddon .   # InterestRateRise,0
512,9 Charts Prove Financial Crisis Part 2 Has BEGUN !  :  The Financial Armageddon Economic Collapse Blog tracks tren .  .  .  ,0
513,Paul Craig Roberts  Vladimir Putin Issues Major Warning But Is It Too Late To Escape A   # brics  # roberts  # russia,0
514, @ Rohnert Park Police Department You are on stage now !  Right under the lights !  is not it funny ?  !  Where do you get the goofballs with which you staff your PD ? ,0
515, *  * OFFICIAL VID *  *   # TheReal  >  >  >    >  >  >   @ TrubGME  >  >  >   # ARMAGEDDON Comin Soon !  ! ,0
516,"Well done Celtic Fingers crossed for Aberdeen tomorrow night !  
Armageddon eh .  .  .  .   ?  ? ",0
517,Beyonce Is my pick for  Fan Army  # Beyonce hive  77,0
518,One Direction Is my pick for  Fan Army  # Directioners  x1402,0
519,5 Seconds of Summer Is my pick for  Fan Army  # 5SOSFAM ,0
520,22 . Beyonce Is my pick for  Fan Army  # Beyonce hive ,0
521,17 . Beyonce Is my pick for  Fan Army  # Beyonce hive ,0
522,One Direction Is my pick for  Fan Army  # Directioners  x1411,0
523,Seeing that army of whitewalkers was the very first thing that has slightly intrigued me on GoT so far,0
524,"Build your own kingdom and lead your army to victory !  https :  /  / youtu . 

Start g this friend code :  LZKTJNOX ",0
525,Salvation Army hosts rally to reconnect fathers with children :  The Salvation Army is hosting a back to school rally ,0
526,Vote for  # Directioners vs  # Queens in the 5th round of the  @ Billboard  # FanArmyFaceOff ,0
527,But if you build an army of 100 dogs and their leader is a lion all dogs will fight like a lion . ,0
528, ' Show Me a Hero '  :  TV Review  ,0
529,One Direction Is my pick for  Fan Army  # Directioners  x1392,0
530,INFANTRY Mens Lume Dial Army Analog Quartz Wrist Watch Sport Blue Nylon Fabric   -  Full rea  ,0
531,One Direction Is my pick for  Fan Army  # Directioners  x1441,0
532,VICTORINOX SWISS ARMY DATE WOMEN ' S RUBBER MOP WATCH 241487  ,0
533," .  :   .  :   .  :   .  :   .  :   .  :   .  :   .  :   .  :   .  :   .  :   .  :   .  :   .  :   .  :   .  :   .  :   .  :   .  :   .  :   .  :  RT DrAyesha4 :   # IndiaKoMunTorJawabDo

Indian Army ki ",0
534,5 Seconds of Summer Is my pick for  Fan Army  # 5SOSFAM   ÃŒÃ‘1,0
535,Beyonce Is my pick for  Fan Army  # Beyonce hive  78,0
536,One Direction Is my pick for  Fan Army  # Directioners  x1386,0
537,"You da One 

 # MTVSummerStar  # VideoVeranoMTV   # MTV Hottest Britney Spears Lana Del Rey",0
538,One Direction Is my pick for  Fan Army  # Directioners ,0
539,Stony Jackson is America ' s last hope as he leads an army of felons thus and army rejects against the army o Satan  -  ,0
540,WWI WWII JAPANESE ARMY NAVY MILITARY JAPAN LEATHER WATCH WAR MIDO WW1 2  -  Full read by eBay  ,0
541,Beyonce Is my pick for  Fan Army  # Beyonce hive  72,0
542,7 . Beyonce Is my pick for  Fan Army  # Beyonce hive ,0
543,Beyonce Is my pick for  Fan Army  # Beyonce hive  66,0
544,6 . Beyonce Is my pick for  Fan Army  # Beyonce hive ,0
545,POTUS appoints Brig .  Gen .  Richard G .  Kaiser as member of the Mississippi River Commission .  Learn more about the MRC :  ,0
546, @ AP what a violent country get the army involved to help control the killings and bring back peace to the poor people . ,0
547,WWI WWII JAPANESE ARMY NAVY MILITARY JAPAN LEATHER WATCH WAR MIDO WW1 2  -  Full read by eBay  ,0
548,WWI WWII JAPANESE ARMY NAVY MILITARY JAPAN LEATHER WATCH WAR MIDO WW1 2  -  Full read by eBay  ,0
549,One Direction Is my pick for  Fan Army  # Directioners  x1434,0
550,One Direction Is my pick for  Fan Army  # Directioners ,0
551,Two Jewish Terrorists Charged In Historic - Church Arson  |  The Ugly Truth  ,0
552,Spokane authorities say they are struggling to solve arson cases like today ' s on Hamilton .   ,0
553,Thousands attend a rally organized by Peace Now protesting the arson attack that took the life of an ,0
554,Add Familia to the arson squad . ,0
555,Another fake hate crime Lesbians burn their own house down .  What else Is new  : ,0
556,Los Angeles Times :  Arson suspect linked to 30 fires caught in Northern  .  .  .   -    # News In Tweets ,0
557,Mourning notices for stabbing arson victims stir politics of grief in Israel ,0
558,Mourning notices for stabbing arson victims stir politics of grief in Israel ,0
559,The Sound of Arson,0
560,Owner of Chicago - Area Gay Bar Admits to Arson Scheme   # LGBT  |  ,0
561,Wait What ?  ?  ?   ,0
562,Arson suspect linked to 30 fires caught in Northern California ,0
563,Trial Date Set for Man Charged with Arson Burglary ,0
564,"After death of Palestinian toddler in arson
attack Israel cracks down on Jewish",0
565,Palestinian Teen Killed Amid Protests Against Arson Attack ,0
566, # Kisii Police in Kisii hunt for students over failed arson plot :  Police in Kisii hunt for students .  .  .    # CountyNews,0
567,Mariah getting thick in the shoulders poor girl . ,0
568,Mourning notices for stabbing arson victims stir politics of grief in Israel :  Posters for Shira Banki and A .  .  .  ,0
569,RelaxInPR :  miprv :  RT latimes :  Arson suspect linked to 30 fires caught in Northern California ,0
570,Jewish leaders prayed at the hospital where a Palestinian family is being treated after arson  via  @ HuffPostRelig,0
571,Owner of Chicago - Area Gay Bar Admits to Arson Scheme  via  @ The Advocate Magazine  # LGBT,0
572, @ sayn_ae angel or arson,0
573, # Kisii Police in Kisii hunt for students over failed arson plot :  Police in Kisii hunt for students .  .  .    # CountyNews,0
574,Mourning notices for stabbing arson victims stir politics of grief in Israel ,0
575,Owner of Chicago - Area Gay Bar Admits to Arson Scheme  via  @ The Advocate Magazine  # LGBT  |  ,0
576,Owner of Chicago - Area Gay Bar Admits to Arson Scheme   # LGBT  |  ,0
577,Mourning notices for stabbing arson victims stir politics of grief in Israel ,0
578,Owner of Chicago - Area Gay Bar Admits to Arson Scheme   # LGBT,0
579,Arson suspect linked to 30 fires caught in Northern California   ( via  @ latimes ) ,0
580,Tennessee lesbian couple faked hate crime and destroyed own home with arson   # Lesbian,0
581,Arson suspect linked to 30 fires caught in Northern California  -  Los Angeles Times ,0
582,Arson suspect linked to 30 fires caught in Northern California ,0
583, @ _301DC  @ Cloudy_goldrush i hate white people mo,0
584, # NOWPLAYING Arsonist MC  -   So Impressed  -    @ ARSONISTMUSIC ,0
585,Alleged East Bay serial arsonist arrested ,0
586, @ Safyuan just a minor citation for possesion of a decriminalized substance im not facing any time,0
587,Suspected serial arsonist arrested in Calif .  ,0
588,Arson suspect linked to 30 fires caught in Northern California ,0
589, @ local_arsonist  @ diamorfiend the legal system NEVER forgets,0
590, @ Casper_rmg u on dick,0
591,Bloor / Ossington arsonist also burned a mattress on Northumberland St  # cbcto ,0
592, ' wHeRE ' s mY aRsOnISt aT ?  ?  ?  ' ,0
593,If you do not have anything nice to say you can come sit with me . ,0
594, # Vegetarian  # Vegan Video shows arsonist torching popular BK restaurant Strictly Vegetarian .  .  .    # GoVegan  # UniteBlue,0
595, # Arsonist arrested for setting many fires .  WATCH tonights other  # headlines :   .   # Nightbeat  @ VeronicaDLCruz  # 2MinuteMix,0
596,Video Captures Man Removing American Flag From Long Beach CA Home Burning It ;  Arsonist Sought  ,0
597, @ 58hif my trick is to think about nasty things,0
598, # Spotlight Take Me To Paradise by Arsonist MC  # WNIAGospel   @ arsonistmusic ,0
599,who makes these ?  ,0
600,on town of salem i just melted ice cube bc im the arsonist  : D,0
601,Arsonists being blamed for a blaze at a plastics recycling business in Adelaide  |   @ pcaldicott7 reports .   # 7NewsAdl ,0
602,i be on that hotboy shit,0
603,Zodiac Girl feat Trey Dupree  ( Produced By Sparkz Beatz )   |  Chuck Da Arsonist ,0
604, @ local_arsonist LMFAO,0
605,Alleged East Bay serial arsonist arrested  # SanFrancisco  -  ,0
606, @ _Doofus_  @ diamorfiend im jokin still cant be on moves :  / ,0
607, @ local_arsonist I guess u can say that it is just some shit I was thinking about,0
608,Arsonist Sets NYC Vegetarian Restaurant on Fire :  Police  # NewYork  -  ,0
609,I liked a  @ YouTube video from  @ slimebeast  Town of Salem  |  How to Win as The Arsonist,0
610, @ Casper_rmg  @ BestComedyVine whats cracking cuz,0
611,smoke good fuck eat drink drive nice car wear all green mink,0
612,kill i got court the day after earl,0
613, @ local_arsonist laughing my ass off but real live you should go,0
614,Owner of Chicago - Area Gay Bar Admits to Arson Scheme :  Frank Elliott pleaded guilty to hiring an arsonist to to .  .  .  ,0
615,Trusting Iran to stop terrorism is like inviting an arsonist to join the fire brigade  -  Telegraph ,0
616,Big Top Burning The True Story Of An Arsonist A Missing Girl   :    . ,0
617,Stay vigilent .  Civil liberties are under constant attack .   # nativehuman  # myreligion  ,0
618,Credit to  @ pfannebeckers for inspiring me to rediscover this fantabulous  # tbt ,0
619,  Nashville Theater Attack :  Will Gun Grabbers Now Demand Hatchet Control ? ,0
620,"BREAKING :  Terror Attack On
Police Post  # Udhampur",0
621,Demi stans really think Heart Attack sold 5 / 6 million copies  ?  ? ,0
622,it scares me that there is new versions of nuclear attack warnings like just knowing that governments still prepare for them,0
623,ISIL claims suicide bombing at Saudi mosque that killed at least 15  ,0
624, @ DatTomm the funniest part about that twitter is the feminists that try to attack it 4Head,0
625,Horrific attack on wife by muslim in Italy  LiveLeak  # News,0
626,93 blasts accused Yeda Yakub dies in Karachi of heart attack   # Mumbai,0
627, @ etribune  US Drone attack kills 4 - suspected militants in North Waziristan  @ AceBreakingNews ,0
628,Suspect in latest theater attack had psychological issues ,0
629,Militants attack police post in Udhampur ;  2 SPOs injured  |  LiveMint   |    # AllTheNews,0
630,BREAKING :  Obama Officials GAVE Muslim Terrorist the Weapon Used in Texas Attack ,0
631,Delhi Government to Provide Free Treatment to Acid Attack Victims in Private Hospitals ,0
632,New post from  @ darkreading  New SMB Relay Attack Steals User Credentials Over Internet,0
633,Israeli forces raid home of alleged car attack suspect   # palestine,0
634,Just had a heart attack because I thought my goat was dead .   ?  ?  ?  ?  do not worry Rocket is okay .   ?  ? ,0
635,I am not gonna lie I am kinda ready to attack my Senior year  ?  ?  ?  ?  ?  ?  ?  ?  ?  ? ,0
636," ' Left hand side of a diamond is a graveyard shift have to attack and defend ' 
The right handside no have to do that too you fucking idiot ? ",0
637, # volleyball Attack II Volleyball Training Machine  -  Sets Simulation  -   ,0
638,Notley ' s tactful yet very direct response to Harper ' s attack on Alberta ' s gov ' t .  Hell YEAH Premier !    # ableg  # cdnpoli,0
639,Police :  Assailant in latest US movie theatre attack was homeless had psychological issues ,0
640, @ CaIxxum5SOS thanks for the damn heart attack,0
641,Suspect in latest US theatre attack had psychological issues  ,0
642,India shud not give any evidence 2 pak . They will share with terrorists  &  use for next attack . Share with oth contries ,0
643,illegal alien released by Obama / DHS 4 times Charged With Rape  &  Murder of Santa Maria CA Woman Had Prior Offenses  ,0
644,Strongly condemn attack on ARY news team in Karachi .  A cowardly act against those simply trying to do their job ! ,0
645,Nashville Theater Attack :  Will Gun Grabbers Now Demand Hatchet Control ?   ,0
646,The fact that the atomic bombs were called  ' Little Boy '  and  ' Fat man '  says a lot about the mentality that went into the attack . ,0
647, @ blazerfan not everyone can see ignoranceshe is Latinoand that is All she can ever benothing morebut an attack dog 4 a hate group GOP,0
648,Heart disease prevention :  What about secondhand smoke ?  ,0
649,A Dayton - area org tells me it was hit by a cyber attack :  ,0
650,Attack on Titan game on PS Vita yay !  Cannot wait for 2016,0
651, [ infowars ]   Nashville Theater Attack :  Will Gun Grabbers Now Demand Hatchet Control ?    # nwo,0
652,anxiety attack  ?  ? ,0
653,My dog attacked me for my food  # pugprobs,0
654,Cop injured in gunfight as militants attack Udhampur police post :  Suspected militants attacked a police post i .  .  .  ,0
655, @ envw98  @ NickCoCoFree  @ Julie DiCaro  @ jdabe80 I asked how did he feel attacked by julie .   I asked if he was frail .    That is all . ,0
656, @ messeymetoo I feel attacked,0
657,I am feeling so attacked ,0
658,Once again black men did not make it that way .  White men did so why are black men getting attacked  ,0
659,I cant believe a fucking cis female is going to somehow claim to be offended over a transgendered female who is been attacked by media,0
660,Israeli helicopters that attacked civilians in Gaza just completed exercises in Greece . ,0
661,Christian Attacked by Muslims at the Temple Mount after Waving Israeli Flag via Pamela Geller  -   .  .  .  ,0
662,Christian Attacked by Muslims at the Temple Mount after Waving Israeli Flag via Pamela Geller  -   .  .  .  ,0
663,Christian Attacked by Muslims at the Temple Mount after Waving Israeli Flag via Pamela Geller  -   .  .  .  ,0
664, # PT :  The unit attacked by IS was responsible for targeting Muslim Scholars and imprisoning the youth .  ,0
665,Telnet attacked from 124 . 13 . 172 . 40  ( STREAMYX - HOME - SOUTHERN MY ) ,0
666,Christian Attacked by Muslims at the Temple Mount after Waving Israeli Flag via Pamela Geller  -   .  .  .  ,0
667, # TBT Remember that time Patrick Kane attacked a cab driver over  . 20,0
668,im feeling attacked ,0
669,IK Only Troll His Pol Rivals Never Literally Abused Them Or Attacked Their Families .  While All Of Them Literally Abuse IK .  Loosers,0
670,Christian Attacked by Muslims at the Temple Mount after Waving Israeli Flag via Pamela Geller  -   .  .  .  ,0
671,Christian Attacked by Muslims at the Temple Mount after Waving Israeli Flag via Pamela Geller  -   .  .  .  ,0
